{
  "id": "nightmares",
  "title": "Nightmares",
  "version": "1.0.0",
  "compatibility": {
    "minimum": "11",
    "verified": "11"
  },
  "download":"https://www.dropbox.com/scl/fi/b1nbia3ytwh2jp8tvyobm/nightmares.zip?rlkey=lpi9nuviif1dkcztjirnkuwx2&dl=1",
  "manifest":"https://www.dropbox.com/scl/fi/b00ux94l1uci49lpm2hyo/module.json?dl=1",
  
  "authors": [
    {
      "name": "Me",
      "flags": {}
    }
  ],
  "packs": [
    {
      "name": "nightmare-game",
      "label": "nightmare game",
      "path": "packs/nightmare-game",
      "type": "Adventure",
      "ownership": {
        "PLAYER": "OBSERVER",
        "ASSISTANT": "OWNER"
      },
      "system": "dnd5e",
      "flags": {}
    }
  ]
}
